{"last_exam_score": 0.1564416140317917, "concept_understanding_score": 0.12760986387729645, "assignment_scores_avg": 0.09156928956508636, "ai_generated_content_percentage": 0.029895499348640442, "grade_level_3rd Year": 0.022922128438949585, "ai_usage_purpose_Coding": 0.02258775383234024, "grade_level_12th": 0.021925609558820724, "ai_tools_used_Gemini": 0.02141680382192135, "grade_level_1st Year": 0.01989174261689186, "ai_usage_purpose_Exam Prep": 0.019462615251541138, "ai_usage_purpose_Notes": 0.01936609111726284, "grade_level_2nd Year": 0.01932603120803833, "ai_prompts_per_week": 0.01930306665599346, "grade_level_10th": 0.019168231636285782, "ai_usage_purpose_Homework": 0.01911378651857376}